long_entry_hour,long_exit_hour,trades,expectancy_r,profit_factor,sharpe,cagr,max_dd,short_entry_hour,short_exit_hour,stop_atr,oat
1.0,8.0,3638,-0.0033642818428032254,0.9703116406921101,-0.17286960780926966,-0.004611115940755139,0.21459337707817805,,,,
1.0,9.0,3638,-0.0032984359353803792,0.9706246796505396,-0.17082368578943238,-0.004570067472300043,0.21413577384583649,,,,
1.0,10.0,3597,-0.004046805976506849,0.9654257848093669,-0.2038134164955195,-0.005335905152629494,0.2227481684370065,,,,
2.0,8.0,7115,-0.00519926386789047,0.9506419292092699,-0.425765268586143,-0.013428918285068536,0.293262592824753,,,,
2.0,9.0,7149,-0.0043655146785356765,0.9602213119582916,-0.3504142882739618,-0.01144010889484215,0.31867696665156786,,,,
2.0,10.0,3618,-0.00995879761205821,0.909203467090491,-0.5564079814884011,-0.01276548128883448,0.21436620685938124,,,,
3.0,8.0,7151,-0.0064261569470126165,0.9385678695945462,-0.5426122184987834,-0.016530376858721052,0.31180102701376844,,,,
3.0,9.0,7183,-0.005479977207388876,0.9506021235739691,-0.4448192567975161,-0.01406812848210881,0.33217485905027877,,,,
3.0,10.0,3616,-0.013544664072649206,0.8731636934886575,-0.7884327626498032,-0.01715116736333866,0.24124067757887036,,,,
,,3608,-0.004103542495966966,0.9560915697257444,-0.259216867531576,-0.0054168767824772646,0.16451855532260506,8.0,14.0,,
,,3608,-0.004297586958282656,0.9546219153164754,-0.2663436356167574,-0.005615695791599706,0.16471180998940838,8.0,15.0,,
,,3608,-0.00311989634856109,0.9663782634150878,-0.1963214428522325,-0.004171193691747455,0.16152823548153028,8.0,16.0,,
,,7149,-0.004843975305616849,0.9540873427665213,-0.41370959853055006,-0.012531001450370338,0.3383716116866873,9.0,14.0,,
,,7149,-0.0043655146785356765,0.9602213119582916,-0.3504142882739618,-0.01144010889484215,0.31867696665156786,9.0,15.0,,
,,7148,-0.003654421320715844,0.9709707726079687,-0.25126233231217154,-0.009843120538183037,0.3315487802230914,9.0,16.0,,
,,7118,-0.007242632055664669,0.9271050006941584,-0.6583145452009762,-0.018304269680973206,0.3285678741755649,10.0,14.0,,
,,7118,-0.006594206999939553,0.9370524761007487,-0.5606899452313909,-0.016834700246689538,0.30500421180330695,10.0,15.0,,
,,7116,-0.0059678675168412494,0.95138750177036,-0.4331274672418464,-0.015515334831662786,0.32646229507598135,10.0,16.0,,
,,7149,-0.006742201442009509,0.9551199400504223,-0.4131575538107429,-0.017911895627089947,0.4090235096442415,,,0.75,True
,,7149,-0.0043655146785356765,0.9602213119582916,-0.3504142882739618,-0.01144010889484215,0.31867696665156786,,,1.0,True
,,7149,-0.0034000406823010746,0.9607286260329092,-0.34079203446630346,-0.008819187769033565,0.2641110852169062,,,1.25,True
,,7149,-0.002693767142870283,0.9627656097540843,-0.31782896288297513,-0.006813117197311036,0.21834867566631255,,,1.5,True
