entry_n,exit_n,stop_atr,trades,expectancy_r,profit_factor,sharpe,cagr,max_dd
41,15,1.5,512,0.04639610747056883,1.0543567603914132,0.13267490244408944,0.006611414197588816,0.21098689774343182
41,15,1.75,495,0.021985607906728048,1.0233279135429887,0.07200905637351962,0.0025250260835585348,0.1868620406030721
41,15,2.0,474,0.044936366128127625,1.0684685454514034,0.15134814084742915,0.006443988114067212,0.1726072108080342
41,15,2.25,461,0.06736892302336868,1.1175880297492438,0.23647556627980165,0.009896730469422854,0.13918943626925284
41,15,2.5,456,0.05620373633815222,1.1061571467269962,0.21463354677167146,0.008179615195363032,0.12305545608614088
41,17,1.5,493,0.0674406192482861,1.0816761459109414,0.18257716710663846,0.010105758792978925,0.19047461264334586
41,17,1.75,477,0.033499044961117254,1.0377667669110688,0.10264221984999061,0.004352621928495948,0.17272461446192167
41,17,2.0,455,0.05762517926799568,1.087716917710826,0.18711320473461715,0.008455377420588883,0.1620207178804931
41,17,2.25,442,0.08011961399921272,1.1372984516011042,0.27117318604317936,0.011825717241851441,0.14504754672929943
41,17,2.5,435,0.07524510963809346,1.1431786507596147,0.2786150768886199,0.011244033670886777,0.12028265354734757
41,20,1.5,477,0.054991341073482275,1.0609259897761125,0.1451547436891775,0.007626836359416078,0.19519940283802717
41,20,1.75,460,0.025843992016224338,1.0247308693188228,0.07875614371123796,0.002960632786314976,0.16798068110226627
41,20,2.0,438,0.04694109541271089,1.062714991159478,0.14263405245977592,0.0061782487363561955,0.15934642758919604
41,20,2.25,425,0.06903415539698916,1.108387190874503,0.21945042156230513,0.009402822409850575,0.14543526848852428
41,20,2.5,417,0.0665046119835929,1.117878815081577,0.23359258085592796,0.009341356233712794,0.11336078692041951
41,23,1.5,473,0.0036484535485593423,0.9902096006240029,0.021631795549931596,-0.0008052693229216867,0.18745071993230433
41,23,1.75,454,-0.02028022411723093,0.9555739740557796,-0.044788057429652146,-0.004458559583541577,0.17861825849361723
41,23,2.0,433,-0.00381325987396411,0.9814147579727408,-0.0019633556064240294,-0.0015004627581006735,0.15570222193465977
41,23,2.25,419,0.020884398714950524,1.0249991053771628,0.07293242102285222,0.002388492057219249,0.1393938873392946
41,23,2.5,408,0.03003455425092095,1.0467138194973238,0.10788716875629688,0.003836916263886936,0.08784172492570785
41,25,1.5,463,0.046827407473718226,1.0486908158120867,0.12039851867926006,0.006024953035239644,0.1599616469810533
41,25,1.75,443,0.019025586376349803,1.0129211790506996,0.0571444635862557,0.0016679500596250563,0.13948854258630083
41,25,2.0,422,0.02857389516401734,1.034218083431675,0.09057994653192501,0.0034768385629579956,0.13049279697172655
41,25,2.25,409,0.0465876181086239,1.0686862809366966,0.1480078957621786,0.0061086958295946125,0.12880977782257186
41,25,2.5,398,0.05232728123604327,1.0819642233003597,0.16723239233635345,0.006548817763919024,0.09656528885447524
47,15,1.5,484,0.042762300186917686,1.047982723092097,0.11803205083116276,0.005550169126138593,0.20446350442657446
47,15,1.75,464,0.042332650888388376,1.05593297489004,0.12673107064415134,0.005594741443690099,0.16982480945501666
47,15,2.0,450,0.0356702996415183,1.0521895181195504,0.11778494059327335,0.004656915703097342,0.16079121745021763
47,15,2.25,438,0.05437894222277798,1.09383960885973,0.18960223602419918,0.007580495552096389,0.12860838390726914
47,15,2.5,433,0.041106931440926295,1.074466393020126,0.15437486947565893,0.005528326773021286,0.11422795925053708
47,17,1.5,466,0.06363448752878213,1.0782596018038109,0.17169974385196016,0.009188309867980582,0.18300795260315972
47,17,1.75,447,0.05590854260159919,1.0755703481916226,0.16201306676091579,0.00774807427002866,0.1550418676339057
47,17,2.0,432,0.049804288230323034,1.0744154907884718,0.1580834213608576,0.006808565071913186,0.14890514868353888
47,17,2.25,419,0.07298728029820534,1.122602788144042,0.2397806249811199,0.010112267632041538,0.1370141983729295
47,17,2.5,412,0.0670506386408144,1.1226749832973175,0.2377045989673245,0.009259797481128818,0.11337841207413768
47,20,1.5,452,0.05219178274752976,1.056991737151532,0.1346978074392708,0.006837744666452261,0.18620836103985783
47,20,1.75,432,0.04470977728949485,1.0553619433028036,0.1271370537828565,0.005811771485224382,0.15275867120868325
47,20,2.0,417,0.03489801719978998,1.0455208105469775,0.10835231305693314,0.0043299920651040935,0.14574155739529915
47,20,2.25,404,0.05740072605121573,1.0912009094170307,0.18399917554982348,0.007677588582179595,0.13659853837265057
47,20,2.5,394,0.056453812304333204,1.097782242697372,0.19261461892827875,0.0074467424429391915,0.1050751265757105
47,23,1.5,449,-0.0006792900495953259,0.9837699892525756,0.010585857763629105,-0.00149566795709144,0.17580183412125883
47,23,1.75,427,-0.004755064462564739,0.9804931997114479,0.0014472270190919205,-0.0016480931704286883,0.1536495907737423
47,23,2.0,413,-0.01702152517263484,0.9612078502226152,-0.03638927481064357,-0.0032690763167612102,0.1405532588449101
47,23,2.25,399,0.0058781013740440485,0.9987996219776831,0.02638202979976774,0.00013668623800877633,0.12988049821211223
47,23,2.5,388,0.0077607730538937925,1.0052420580258539,0.0354347067746471,0.0006123652252987277,0.10050641172122243
47,25,1.5,440,0.04014365487333961,1.0410858453920824,0.10534165834862534,0.004935053486275542,0.14446729477366993
47,25,1.75,416,0.03959749749606875,1.0440733146460617,0.10590856679496205,0.004625504059083019,0.11993769297660395
47,25,2.0,402,0.018335754601078932,1.016742535058835,0.0591694997518126,0.001767264139015401,0.12065650281321427
47,25,2.25,389,0.0340847962937338,1.0447715977302072,0.10468805428928768,0.003950248831940728,0.11802099506863861
47,25,2.5,378,0.031456085254175814,1.0453615581051392,0.10387755887816927,0.0036475058014688866,0.09024187794511851
55,15,1.5,438,0.06365509773305486,1.079281654401844,0.16236458342258864,0.008158691470856239,0.19631360922587215
55,15,1.75,421,0.05463642381723421,1.077616405071136,0.15508531067919046,0.006960456004489135,0.16184431695437318
55,15,2.0,405,0.06986444930032217,1.1172400963668807,0.21128990636965175,0.009082757275254538,0.13978960947349384
55,15,2.25,395,0.0844199433770655,1.1529034181456148,0.2672585782734758,0.010785033108931641,0.11569185356773659
55,15,2.5,391,0.068673011561175,1.1353438797364386,0.23883395708006794,0.008785801593788056,0.0904804811805131
55,17,1.5,420,0.0932564551738287,1.1209541511783119,0.22633253338343703,0.012434012334404665,0.17520389153553573
55,17,1.75,404,0.07425457187428842,1.105257091589275,0.19942073031785154,0.00959530770627337,0.15878042015222804
55,17,2.0,387,0.09235783821263167,1.1508919741181625,0.2605514332371772,0.011729318490102836,0.13543282463883854
55,17,2.25,376,0.1083767499611299,1.196614109722793,0.32851981525351126,0.013892063975210922,0.12115075969873235
55,17,2.5,372,0.09042707348783918,1.174811747106288,0.29647281483532895,0.011432242144642224,0.09573475447553825
55,20,1.5,407,0.08548029267440278,1.1017189161730423,0.19511673971405305,0.010608328169182224,0.18220771179760054
55,20,1.75,390,0.06633085286782628,1.086757298144812,0.16913483268427326,0.008043733546216236,0.15860847381431498
55,20,2.0,373,0.08114376983575151,1.125636040604258,0.2208254165339885,0.009954583201507106,0.13418687539106222
55,20,2.25,362,0.09679673216264124,1.162037920053757,0.27424500805725743,0.01168471736084542,0.1209300707339761
55,20,2.5,355,0.08540006888775536,1.1531220119656533,0.2596235209732911,0.0100595218171593,0.0878745979487352
55,23,1.5,404,0.035045680999331676,1.0315983189933222,0.08654356175395994,0.003568218097478315,0.1696993423871157
55,23,1.75,385,0.021330292798689914,1.0166664425645646,0.05942532339547481,0.0018007825290120572,0.14162133876005312
55,23,2.0,369,0.0338914622775617,1.039679702375659,0.09175065685554601,0.003410125190326907,0.12533612777927539
55,23,2.25,357,0.049702997907278175,1.0728239662713244,0.1412748989491661,0.005536321498889274,0.11174631322093354
55,23,2.5,349,0.04238747330800863,1.0674303939403553,0.13109391051255795,0.004680224776524522,0.08067514804690668
55,25,1.5,395,0.08622534707482092,1.102475060860246,0.1910519971299004,0.010557337073580975,0.15709868904989466
55,25,1.75,374,0.07708166542468223,1.099513610593666,0.18385130415337556,0.009076879501707547,0.13063776892210255
55,25,2.0,359,0.07311690273875449,1.1041343127324177,0.18674348271414526,0.008410990610435043,0.1120565016069287
55,25,2.25,348,0.08074893877602296,1.1251735812776662,0.21837903503815825,0.009291278104365697,0.1040355817912696
55,25,2.5,340,0.06823037351595808,1.108989972257884,0.19371452055756871,0.007425161621783527,0.07492446986626822
63,15,1.5,413,0.09172632245918097,1.1247490318810562,0.22468434376703386,0.011865545886956541,0.18183905257875677
63,15,1.75,400,0.0667788177614183,1.0963012767407823,0.18009512956027368,0.008186263155270268,0.16062975122949108
63,15,2.0,386,0.07135713270248982,1.1187622687201688,0.2080587469573787,0.008755184699313245,0.13633066172598185
63,15,2.25,375,0.0890991255816488,1.163596499500574,0.27577782677177504,0.010944386372554682,0.12381682209319855
63,15,2.5,371,0.0758639988325798,1.1535804442038586,0.2578440343475304,0.009365353294997547,0.09210505493063226
63,17,1.5,396,0.11893786842126508,1.1645669105205763,0.27824041736676497,0.015538626066144756,0.16268887427372236
63,17,1.75,384,0.08368436991273039,1.1210022496443477,0.21734601330671466,0.01042614568415301,0.15315056322691323
63,17,2.0,369,0.09142525352316733,1.1503749313163862,0.25303623721640034,0.011147792663162903,0.1292030157836842
63,17,2.25,357,0.11072552582074506,1.199720028980769,0.32510006336521285,0.01342651009715512,0.12721361693385214
63,17,2.5,353,0.09583365123509859,1.1893110623203773,0.3074822438856904,0.011633964578497302,0.09530362686211025
63,20,1.5,384,0.11010169100676187,1.1390566912568936,0.24213582437269293,0.013489264803015377,0.16953444426892073
63,20,1.75,371,0.07555062875461915,1.1033862646318113,0.19060538445304803,0.009138803209968849,0.15224213230887607
63,20,2.0,356,0.07850101404323212,1.1191688232848735,0.20843474736689813,0.009157285603638154,0.12729968089555588
63,20,2.25,344,0.0951474665449723,1.1544263735637563,0.25964919971436895,0.010758161326402504,0.12678167934017393
63,20,2.5,336,0.09173685787076272,1.166144440275106,0.2703988142355913,0.010290802077896455,0.08808829994721434
63,23,1.5,380,0.06648821282382002,1.077259436526692,0.15060226100224186,0.007659909202294424,0.15898064182728489
63,23,1.75,365,0.038100123270500136,1.0424163014294556,0.09729257621537414,0.003929333640866339,0.13565732766000282
63,23,2.0,351,0.03560160805781871,1.043888275412005,0.09636081855870535,0.0036042716064610403,0.11863533482181388
63,23,2.25,339,0.04612771896448005,1.0662870892353367,0.12926633730940276,0.0048938834854102,0.11924702430422407
63,23,2.5,331,0.04098590025611845,1.064996521306468,0.12453363410943337,0.00433315742289353,0.09460992093793008
63,25,1.5,371,0.1250601972752431,1.1596411197299406,0.26266226009335336,0.015130826343348058,0.14353835986522234
63,25,1.75,354,0.10211804695434402,1.1381088873940048,0.23406020005219777,0.011826562548112873,0.12249337972017438
63,25,2.0,341,0.08212444524051499,1.1177609599542924,0.20247936254870522,0.009071602473259555,0.1042196967702268
63,25,2.25,330,0.08338825659541342,1.1259975596810836,0.21629158581675909,0.009000680559330343,0.104326416011438
63,25,2.5,322,0.0728739248070213,1.1216272647769565,0.2076316242775422,0.00788835558679124,0.08242600363542762
69,15,1.5,393,0.07740155262420184,1.1033424036046602,0.18506832832296652,0.009256511276265478,0.18177669339317715
69,15,1.75,379,0.06411755827426732,1.0910692807364168,0.16626694205719308,0.007301648293031704,0.15646866233090206
69,15,2.0,366,0.0641050518332097,1.104792864533433,0.18451683455515216,0.007418550453249795,0.13116936147175595
69,15,2.25,355,0.08670770242396146,1.1601421043910773,0.2661100696122684,0.010194999261751825,0.11717721516590196
69,15,2.5,352,0.0720708460730305,1.14311234657682,0.2393239546681,0.008351995054934891,0.089405713052361
69,17,1.5,376,0.1116459420048426,1.1516781165069787,0.2515467438542409,0.013530571428846061,0.15884137895836759
69,17,1.75,363,0.0892207389360106,1.1298626206400355,0.22299001847283015,0.010514166840370986,0.14304260493714127
69,17,2.0,350,0.08411268352563368,1.1361901410219537,0.23064323870069928,0.009755422830112881,0.11840932455253572
69,17,2.25,338,0.1078817809331475,1.191189528791774,0.3084111523553348,0.012303169259115565,0.11670389390632041
69,17,2.5,335,0.09158949739951829,1.175903752679746,0.28579378300330505,0.010414602732446543,0.09076273165317228
69,20,1.5,365,0.10197077842652909,1.130105525172343,0.22129050331338568,0.011879898282116219,0.16638587423961804
69,20,1.75,351,0.07888464340907403,1.106581948694319,0.18919200858209076,0.008851431171921442,0.1425380596074669
69,20,2.0,338,0.06830247506487792,1.1018250594945023,0.1805353637600628,0.007546010060047292,0.11710157490664941
69,20,2.25,326,0.089661664354334,1.1459130389566252,0.24235485410052113,0.009698140305676395,0.11540388295366466
69,20,2.5,320,0.07966211013533074,1.1386010821855943,0.23014089318982967,0.008369622375889119,0.08930201929904735
69,23,1.5,363,0.05243335761309947,1.0558330861980223,0.11700521631297224,0.00539749191426675,0.17040329372453666
69,23,1.75,347,0.03680323351962146,1.0395256048715686,0.09114012173529203,0.0035264870561009243,0.13992563383619172
69,23,2.0,333,0.02808832079763608,1.0311345726126009,0.0757368048518441,0.002520081575493993,0.11259171202484775
69,23,2.25,321,0.043357628168721414,1.0583944442247761,0.11492613216625021,0.004119476658777765,0.10634858551116011
69,23,2.5,315,0.03186720913514011,1.0447025667786252,0.09303331294344887,0.0029464648959578454,0.10864042083123582
69,25,1.5,356,0.08614301629807455,1.1010547795712264,0.180574866179802,0.009480616764064642,0.1717563226707396
69,25,1.75,338,0.07926510584650524,1.0991629240408074,0.1772562509068873,0.008356001041573968,0.14721767972425037
69,25,2.0,325,0.054352410351724854,1.0694456373049512,0.13228183249089945,0.00531610109034375,0.11403996465488853
69,25,2.25,313,0.06805093013199727,1.0974646048907035,0.17133979161063423,0.0066928375737698165,0.11329475051076476
69,25,2.5,305,0.06762115023018905,1.1059363167019007,0.18109421980833426,0.006558787511719011,0.09730126624593471
